{
  "$schema": "node_modules/@openapitools/openapi-generator-cli/config.schema.json",
  "spaces": 2,
  "generator-cli": {
    "version": "5.2.1",
    "generators": {
      "Publisher": {
        "generatorName": "typescript-axios",
        "glob": "",
        "context": "/api/am/publisher/v4",
        "inputSpec": "https://raw.githubusercontent.com/wso2/carbon-apimgt/master/components/apimgt/org.wso2.carbon.apimgt.rest.api.publisher.v1/src/main/resources/publisher-api.yaml",
        "output": "#{cwd}../../src/types/generated/Publisher",
        "additionalProperties": {
          "withSeparateModelsAndApi": true,
          "supportsES6": true,
          "withInterfaces": true,
          "apiPackage": "api",
          "modelPackage": "models",
          "apis": ""
        },
        "globalProperty": {
          "models": ""
        }
      },
      "ServiceCatalog": {
        "generatorName": "typescript-axios",
        "glob": "",
        "context": "/api/am/service-catalog/v1",
        "inputSpec": "https://raw.githubusercontent.com/wso2/carbon-apimgt/master/components/apimgt/org.wso2.carbon.apimgt.rest.api.service.catalog/src/main/resources/service-catalog-api.yaml",
        "output": "#{cwd}../../src/types/generated/Publisher",
        "additionalProperties": {
          "withSeparateModelsAndApi": true,
          "supportsES6": true,
          "withInterfaces": true,
          "apiPackage": "api",
          "modelPackage": "models",
          "apis": ""
        },
        "globalProperty": {
          "models": ""
        }
      }
    }
  }
}
