{
    "custom": {
        "appBar": {
            "logo": "/site/public/images/logo_cdm.png",
            "logoHeight": 48,
            "logoWidth": 137.483,
            "background": "#DD1936",
            "backgroundImage": "/site/public/images/appbarBack_cdm.png",
            "searchInputBackground": "#fff",
            "searchInputActiveBackground": "#fff",
            "activeBackground": "#DD1936",
            "showSearch": true,
            "drawerWidth": 200,
            "hoverBackground":"#fff"
        },

        "footer": {
            "active":"true",
             "text":"Piattaforma Interoperabilità | © 2024 Comune di Milano | Progetto cofinanziato dall'Unione Europea - Fondi Strutturali di Investimento Europei - Programma Operativo Città  Metropolitane 2014-2020 Finanziato nell'ambito della risposta dell'Unione alla pandemia COVID-19 | Il sito utilizza cookie tecnici.",
            "color":"#CBCBCB",
            "background":"#000",
            "height":"50px"
        }
    }
}
